date,sku_id,on_hand_units,on_order_units,lead_time_days,reorder_point
2025-08-28,SKU0001,685,133,20,555
2025-08-26,SKU0002,503,156,15,668
2025-08-29,SKU0003,37,6,10,32
2025-08-29,SKU0004,501,102,14,391
2025-08-30,SKU0005,360,136,18,597
2025-08-27,SKU0006,121,69,20,298
2025-08-25,SKU0007,0,143,19,677
2025-08-25,SKU0008,67,107,19,425
2025-08-25,SKU0009,0,70,7,252
2025-08-28,SKU0010,771,140,17,697
2025-08-27,SKU0011,51,17,13,107
2025-08-25,SKU0012,63,34,6,133
2025-08-29,SKU0013,55,8,13,68
2025-08-28,SKU0014,130,28,9,106
2025-08-25,SKU0015,120,22,8,100
2025-08-27,SKU0016,37,5,10,30
2025-08-31,SKU0017,694,62,6,262
2025-08-26,SKU0018,171,37,14,131
2025-08-31,SKU0019,600,43,5,179
2025-08-26,SKU0020,222,47,15,148
2025-08-26,SKU0021,140,14,9,58
2025-08-27,SKU0022,390,83,8,364
2025-08-28,SKU0023,506,137,12,526
2025-08-29,SKU0024,0,238,16,1016
2025-08-30,SKU0025,865,103,15,333
2025-08-26,SKU0026,0,212,19,717
2025-08-30,SKU0027,604,113,11,479
2025-08-27,SKU0028,976,74,9,316
2025-08-25,SKU0029,289,28,11,127
2025-08-28,SKU0030,345,42,14,188
2025-08-27,SKU0031,1017,146,14,491
2025-08-29,SKU0032,1159,164,14,568
2025-08-26,SKU0033,434,138,19,386
2025-08-31,SKU0034,423,165,16,827
2025-08-28,SKU0035,43,111,16,504
2025-08-28,SKU0036,599,128,19,445
2025-08-27,SKU0037,96,49,7,188
2025-08-31,SKU0038,201,16,9,76
2025-08-26,SKU0039,192,113,12,404
2025-08-28,SKU0040,364,118,14,474
2025-08-31,SKU0041,290,136,17,590
2025-08-29,SKU0042,46,33,15,97
2025-08-26,SKU0043,108,22,10,97
2025-08-26,SKU0044,126,8,5,35
2025-08-29,SKU0045,545,85,11,388
2025-08-25,SKU0046,547,43,11,207
2025-08-30,SKU0047,12,132,15,636
2025-08-25,SKU0048,1240,62,5,237
2025-08-31,SKU0049,454,74,17,314
2025-08-27,SKU0050,469,120,20,480
2025-08-25,SKU0051,104,132,15,614
2025-08-28,SKU0052,360,232,20,1100
2025-08-25,SKU0053,424,147,16,554
2025-08-27,SKU0054,187,79,19,376
2025-08-26,SKU0055,175,103,17,408
2025-08-26,SKU0056,279,24,12,157
2025-08-27,SKU0057,77,55,18,212
2025-08-30,SKU0058,527,92,15,424
2025-08-29,SKU0059,535,97,10,419
2025-08-27,SKU0060,709,63,12,281
2025-08-25,SKU0061,0,247,18,1042
2025-08-27,SKU0062,451,65,15,326
2025-08-31,SKU0063,682,101,9,365
2025-08-28,SKU0064,889,130,19,483
2025-08-30,SKU0065,0,215,20,917
2025-08-26,SKU0066,29,12,20,81
2025-08-28,SKU0067,1590,87,9,365
2025-08-31,SKU0068,713,203,18,930
2025-08-28,SKU0069,718,76,8,302
2025-08-31,SKU0070,229,59,19,375
2025-08-28,SKU0071,185,35,7,113
2025-08-31,SKU0072,541,164,18,764
2025-08-30,SKU0073,601,88,7,394
2025-08-26,SKU0074,432,95,10,392
2025-08-30,SKU0075,1540,83,7,283
2025-08-31,SKU0076,551,82,17,338
2025-08-31,SKU0077,127,6,16,60
2025-08-30,SKU0078,708,99,17,594
2025-08-25,SKU0079,701,154,15,659
2025-08-29,SKU0080,87,25,13,88
2025-08-28,SKU0081,90,10,8,36
2025-08-30,SKU0082,1013,66,8,353
2025-08-30,SKU0083,188,47,18,174
2025-08-29,SKU0084,181,40,20,218
2025-08-28,SKU0085,121,3,7,39
2025-08-28,SKU0086,242,24,5,100
2025-08-27,SKU0087,0,61,15,282
2025-08-30,SKU0088,12,106,19,336
2025-08-25,SKU0089,543,25,6,78
2025-08-27,SKU0090,816,108,17,544
2025-08-31,SKU0091,287,45,11,206
2025-08-26,SKU0092,248,77,11,342
2025-08-29,SKU0093,1089,113,11,450
2025-08-28,SKU0094,147,20,5,60
2025-08-26,SKU0095,361,23,5,123
2025-08-28,SKU0096,547,49,11,157
2025-08-27,SKU0097,1327,233,18,878
2025-08-28,SKU0098,756,121,11,423
2025-08-25,SKU0099,773,38,8,191
2025-08-28,SKU0100,1643,59,7,390
2025-08-31,SKU0101,1418,56,7,224
2025-08-26,SKU0102,748,60,7,239
2025-08-30,SKU0103,127,20,13,64
2025-08-27,SKU0104,24,25,12,125
2025-08-27,SKU0105,1462,212,14,803
2025-08-27,SKU0106,372,47,10,200
2025-08-25,SKU0107,179,14,10,70
2025-08-30,SKU0108,78,35,15,124
2025-08-25,SKU0109,91,31,17,126
2025-08-27,SKU0110,565,40,6,147
2025-08-29,SKU0111,88,23,5,74
2025-08-27,SKU0112,96,215,20,1138
2025-08-28,SKU0113,625,183,20,811
2025-08-26,SKU0114,77,13,20,54
2025-08-31,SKU0115,791,61,5,236
2025-08-26,SKU0116,2003,72,6,290
2025-08-29,SKU0117,148,76,6,323
2025-08-28,SKU0118,15,37,9,104
2025-08-27,SKU0119,440,79,7,294
2025-08-26,SKU0120,151,247,19,939
2025-08-26,SKU0121,83,55,8,238
2025-08-31,SKU0122,1161,155,18,657
2025-08-28,SKU0123,354,212,16,697
2025-08-30,SKU0124,159,58,10,257
2025-08-31,SKU0125,0,26,5,108
2025-08-26,SKU0126,158,36,6,188
2025-08-26,SKU0127,567,78,13,329
2025-08-29,SKU0128,210,51,11,224
2025-08-26,SKU0129,68,41,9,198
2025-08-26,SKU0130,551,115,11,505
2025-08-27,SKU0131,0,17,14,77
2025-08-29,SKU0132,428,195,15,637
2025-08-27,SKU0133,436,40,6,175
2025-08-28,SKU0134,429,83,19,386
2025-08-31,SKU0135,131,18,11,57
2025-08-28,SKU0136,40,21,18,75
2025-08-25,SKU0137,555,98,8,249
2025-08-25,SKU0138,778,134,12,657
2025-08-25,SKU0139,887,180,20,691
2025-08-28,SKU0140,142,85,20,369
2025-08-30,SKU0141,414,61,13,214
2025-08-30,SKU0142,875,58,9,256
2025-08-28,SKU0143,855,162,17,580
2025-08-31,SKU0144,197,40,11,137
2025-08-28,SKU0145,91,56,13,338
2025-08-25,SKU0146,560,76,9,394
2025-08-29,SKU0147,1222,122,17,576
2025-08-28,SKU0148,181,17,6,58
2025-08-28,SKU0149,607,55,14,252
2025-08-26,SKU0150,262,31,15,152
2025-08-25,SKU0151,116,10,7,30
2025-08-29,SKU0152,182,37,11,138
2025-08-31,SKU0153,34,164,14,683
2025-08-29,SKU0154,858,59,9,252
2025-08-28,SKU0155,359,96,13,439
2025-08-25,SKU0156,795,204,20,775
2025-08-25,SKU0157,612,106,16,548
2025-08-25,SKU0158,808,133,16,519
2025-08-25,SKU0159,237,16,8,73
2025-08-28,SKU0160,134,28,13,118
2025-08-31,SKU0161,159,125,18,584
2025-08-29,SKU0162,181,95,14,497
2025-08-30,SKU0163,1175,93,10,356
2025-08-27,SKU0164,262,65,11,277
2025-08-26,SKU0165,83,23,18,79
2025-08-29,SKU0166,24,79,11,340
2025-08-29,SKU0167,66,56,12,253
2025-08-31,SKU0168,725,94,17,406
2025-08-29,SKU0169,647,43,5,151
2025-08-31,SKU0170,1145,94,9,377
2025-08-27,SKU0171,94,137,15,605
2025-08-28,SKU0172,316,26,9,108
2025-08-31,SKU0173,229,22,5,89
2025-08-29,SKU0174,613,188,15,740
2025-08-25,SKU0175,1601,184,16,635
2025-08-31,SKU0176,101,86,14,396
2025-08-27,SKU0177,674,337,20,1486
2025-08-28,SKU0178,293,32,7,117
2025-08-29,SKU0179,1338,213,19,953
2025-08-29,SKU0180,1437,239,20,1075
2025-08-26,SKU0181,123,80,16,237
2025-08-29,SKU0182,1,14,12,55
2025-08-29,SKU0183,502,18,5,61
2025-08-28,SKU0184,701,114,10,412
2025-08-31,SKU0185,1164,69,7,328
2025-08-30,SKU0186,584,87,14,298
2025-08-28,SKU0187,656,170,16,683
2025-08-27,SKU0188,864,222,19,1109
2025-08-30,SKU0189,118,189,11,792
2025-08-28,SKU0190,1053,65,6,292
2025-08-31,SKU0191,117,196,19,690
2025-08-30,SKU0192,133,52,18,230
2025-08-31,SKU0193,290,41,19,150
2025-08-29,SKU0194,52,33,19,120
2025-08-28,SKU0195,473,67,10,241
2025-08-29,SKU0196,300,51,13,223
2025-08-27,SKU0197,0,142,13,552
2025-08-30,SKU0198,188,58,20,274
2025-08-31,SKU0199,65,204,16,929
2025-08-27,SKU0200,60,13,5,49
